-- 0013_real_copa_2026_data.sql
-- Substitui dados estáticos pelos dados oficiais Copa 2026 (Wikipedia/Aljazeera/worldcupwiki)
-- 48 seleções, 12 grupos, 72 jogos com horários ET → UTC armazenado.

delete from public.picks;

delete from public.matches;

delete from public.groups;

delete from public.teams;

insert into public.teams (code, name, colors) values
  ('MEX','México','{"#006847","#ffffff","#ce1126"}'),
  ('RSA','África do Sul','{"#007749","#ffb612","#de3831"}'),
  ('KOR','Coreia do Sul','{"#ffffff","#003478","#c60c30"}'),
  ('CZE','Tchéquia','{"#ffffff","#d7141a","#11457e"}'),
  ('CAN','Canadá','{"#d52b1e","#ffffff","#d52b1e"}'),
  ('BIH','Bósnia e Herzegovina','{"#002395","#fecb00","#002395"}'),
  ('QAT','Catar','{"#8a1538","#ffffff","#8a1538"}'),
  ('SUI','Suíça','{"#d52b1e","#ffffff","#d52b1e"}'),
  ('BRA','Brasil','{"#009b3a","#fedf00","#002776"}'),
  ('MAR','Marrocos','{"#c1272d","#006233","#c1272d"}'),
  ('HAI','Haiti','{"#00209f","#d21034","#00209f"}'),
  ('SCO','Escócia','{"#005eb8","#ffffff","#005eb8"}'),
  ('USA','Estados Unidos','{"#b22234","#ffffff","#3c3b6e"}'),
  ('PAR','Paraguai','{"#d52b1e","#ffffff","#0038a8"}'),
  ('AUS','Austrália','{"#012169","#ffffff","#e4002b"}'),
  ('TUR','Turquia','{"#e30a17","#ffffff","#e30a17"}'),
  ('GER','Alemanha','{"#000000","#dd0000","#ffce00"}'),
  ('CUR','Curaçao','{"#012a87","#f9e814","#012a87"}'),
  ('CIV','Costa do Marfim','{"#f77f00","#ffffff","#009e60"}'),
  ('ECU','Equador','{"#ffce00","#034ea2","#ed1c24"}'),
  ('NED','Holanda','{"#ae1c28","#ffffff","#21468b"}'),
  ('JPN','Japão','{"#ffffff","#bc002d","#ffffff"}'),
  ('SWE','Suécia','{"#005293","#fecc00","#005293"}'),
  ('TUN','Tunísia','{"#e70013","#ffffff","#e70013"}'),
  ('BEL','Bélgica','{"#000000","#fae042","#ed2939"}'),
  ('EGY','Egito','{"#ce1126","#ffffff","#000000"}'),
  ('IRN','Irã','{"#239f40","#ffffff","#da0000"}'),
  ('NZL','Nova Zelândia','{"#012169","#ffffff","#cc142b"}'),
  ('ESP','Espanha','{"#aa151b","#f1bf00","#aa151b"}'),
  ('CPV','Cabo Verde','{"#003893","#ffffff","#cf2027"}'),
  ('KSA','Arábia Saudita','{"#006c35","#ffffff","#006c35"}'),
  ('URU','Uruguai','{"#7eb6ea","#ffffff","#7eb6ea"}'),
  ('FRA','França','{"#0055a4","#ffffff","#ef4135"}'),
  ('SEN','Senegal','{"#00853f","#fdef42","#e31b23"}'),
  ('IRQ','Iraque','{"#ce1126","#ffffff","#000000"}'),
  ('NOR','Noruega','{"#ef2b2d","#ffffff","#002868"}'),
  ('ARG','Argentina','{"#74acdf","#ffffff","#74acdf"}'),
  ('ALG','Argélia','{"#006633","#ffffff","#d21034"}'),
  ('AUT','Áustria','{"#ed2939","#ffffff","#ed2939"}'),
  ('JOR','Jordânia','{"#000000","#ffffff","#007a3d"}'),
  ('POR','Portugal','{"#006600","#006600","#ff0000"}'),
  ('COD','RD Congo','{"#007fff","#fae042","#ce1021"}'),
  ('UZB','Uzbequistão','{"#1eb53a","#ffffff","#0099b5"}'),
  ('COL','Colômbia','{"#fcd116","#003893","#ce1126"}'),
  ('ENG','Inglaterra','{"#ffffff","#ce1124","#ffffff"}'),
  ('CRO','Croácia','{"#ff0000","#ffffff","#171796"}'),
  ('GHA','Gana','{"#ce1126","#fcd116","#006b3f"}'),
  ('PAN','Panamá','{"#005293","#ffffff","#d21034"}');

insert into public.groups (letter, teams) values
  ('A','{"MEX","RSA","KOR","CZE"}'),
  ('B','{"CAN","BIH","QAT","SUI"}'),
  ('C','{"BRA","MAR","HAI","SCO"}'),
  ('D','{"USA","PAR","AUS","TUR"}'),
  ('E','{"GER","CUR","CIV","ECU"}'),
  ('F','{"NED","JPN","SWE","TUN"}'),
  ('G','{"BEL","EGY","IRN","NZL"}'),
  ('H','{"ESP","CPV","KSA","URU"}'),
  ('I','{"FRA","SEN","IRQ","NOR"}'),
  ('J','{"ARG","ALG","AUT","JOR"}'),
  ('K','{"POR","COD","UZB","COL"}'),
  ('L','{"ENG","CRO","GHA","PAN"}');

insert into public.matches (id, group_letter, round, team_a, team_b, starts_at, city) values
  (1,'A',1,'MEX','RSA','2026-06-11 19:00:00+00','Cidade do México — Estadio Azteca'),
  (2,'A',1,'KOR','CZE','2026-06-12 02:00:00+00','Zapopan — Estadio Akron'),
  (3,'B',1,'CAN','BIH','2026-06-12 19:00:00+00','Toronto — BMO Field'),
  (4,'D',1,'USA','PAR','2026-06-13 01:00:00+00','Inglewood — SoFi Stadium'),
  (5,'B',1,'QAT','SUI','2026-06-13 19:00:00+00','Santa Clara — Levi''s Stadium'),
  (6,'C',1,'BRA','MAR','2026-06-13 22:00:00+00','East Rutherford — MetLife Stadium'),
  (7,'C',1,'HAI','SCO','2026-06-14 01:00:00+00','Foxborough — Gillette Stadium'),
  (8,'D',1,'AUS','TUR','2026-06-14 04:00:00+00','Vancouver — BC Place'),
  (9,'E',1,'GER','CUR','2026-06-14 17:00:00+00','Houston — NRG Stadium'),
  (10,'F',1,'NED','JPN','2026-06-14 20:00:00+00','Arlington — AT&T Stadium'),
  (11,'E',1,'CIV','ECU','2026-06-14 23:00:00+00','Philadelphia — Lincoln Financial Field'),
  (12,'F',1,'SWE','TUN','2026-06-15 02:00:00+00','Monterrey — Estadio BBVA'),
  (13,'H',1,'ESP','CPV','2026-06-15 16:00:00+00','Atlanta — Mercedes-Benz Stadium'),
  (14,'G',1,'BEL','EGY','2026-06-15 19:00:00+00','Seattle — Lumen Field'),
  (15,'H',1,'KSA','URU','2026-06-15 22:00:00+00','Miami Gardens — Hard Rock Stadium'),
  (16,'G',1,'IRN','NZL','2026-06-16 01:00:00+00','Inglewood — SoFi Stadium'),
  (17,'I',1,'FRA','SEN','2026-06-16 19:00:00+00','East Rutherford — MetLife Stadium'),
  (18,'I',1,'IRQ','NOR','2026-06-16 22:00:00+00','Foxborough — Gillette Stadium'),
  (19,'J',1,'ARG','ALG','2026-06-17 01:00:00+00','Kansas City — Arrowhead Stadium'),
  (20,'J',1,'AUT','JOR','2026-06-17 04:00:00+00','Santa Clara — Levi''s Stadium'),
  (21,'K',1,'POR','COD','2026-06-17 17:00:00+00','Houston — NRG Stadium'),
  (22,'L',1,'ENG','CRO','2026-06-17 20:00:00+00','Arlington — AT&T Stadium'),
  (23,'L',1,'GHA','PAN','2026-06-17 23:00:00+00','Toronto — BMO Field'),
  (24,'K',1,'UZB','COL','2026-06-18 02:00:00+00','Cidade do México — Estadio Azteca'),
  (25,'A',2,'CZE','RSA','2026-06-18 16:00:00+00','Atlanta — Mercedes-Benz Stadium'),
  (26,'B',2,'SUI','BIH','2026-06-18 19:00:00+00','Inglewood — SoFi Stadium'),
  (27,'B',2,'CAN','QAT','2026-06-18 22:00:00+00','Vancouver — BC Place'),
  (28,'A',2,'MEX','KOR','2026-06-19 01:00:00+00','Zapopan — Estadio Akron'),
  (29,'D',2,'USA','AUS','2026-06-19 19:00:00+00','Seattle — Lumen Field'),
  (30,'C',2,'SCO','MAR','2026-06-19 22:00:00+00','Foxborough — Gillette Stadium'),
  (31,'C',2,'BRA','HAI','2026-06-20 00:30:00+00','Philadelphia — Lincoln Financial Field'),
  (32,'D',2,'TUR','PAR','2026-06-20 03:00:00+00','Santa Clara — Levi''s Stadium'),
  (33,'F',2,'NED','SWE','2026-06-20 17:00:00+00','Houston — NRG Stadium'),
  (34,'E',2,'GER','CIV','2026-06-20 20:00:00+00','Toronto — BMO Field'),
  (35,'E',2,'ECU','CUR','2026-06-21 00:00:00+00','Kansas City — Arrowhead Stadium'),
  (36,'F',2,'TUN','JPN','2026-06-21 04:00:00+00','Monterrey — Estadio BBVA'),
  (37,'H',2,'ESP','KSA','2026-06-21 16:00:00+00','Atlanta — Mercedes-Benz Stadium'),
  (38,'G',2,'BEL','IRN','2026-06-21 19:00:00+00','Inglewood — SoFi Stadium'),
  (39,'H',2,'URU','CPV','2026-06-21 22:00:00+00','Miami Gardens — Hard Rock Stadium'),
  (40,'G',2,'NZL','EGY','2026-06-22 01:00:00+00','Vancouver — BC Place'),
  (41,'J',2,'ARG','AUT','2026-06-22 17:00:00+00','Arlington — AT&T Stadium'),
  (42,'I',2,'FRA','IRQ','2026-06-22 21:00:00+00','Philadelphia — Lincoln Financial Field'),
  (43,'I',2,'NOR','SEN','2026-06-23 00:00:00+00','East Rutherford — MetLife Stadium'),
  (44,'J',2,'JOR','ALG','2026-06-23 03:00:00+00','Santa Clara — Levi''s Stadium'),
  (45,'K',2,'POR','UZB','2026-06-23 17:00:00+00','Houston — NRG Stadium'),
  (46,'L',2,'ENG','GHA','2026-06-23 20:00:00+00','Foxborough — Gillette Stadium'),
  (47,'L',2,'PAN','CRO','2026-06-23 23:00:00+00','Toronto — BMO Field'),
  (48,'K',2,'COL','COD','2026-06-24 02:00:00+00','Zapopan — Estadio Akron'),
  (49,'B',3,'SUI','CAN','2026-06-24 19:00:00+00','Vancouver — BC Place'),
  (50,'B',3,'BIH','QAT','2026-06-24 19:00:00+00','Seattle — Lumen Field'),
  (51,'C',3,'SCO','BRA','2026-06-24 22:00:00+00','Miami Gardens — Hard Rock Stadium'),
  (52,'C',3,'MAR','HAI','2026-06-24 22:00:00+00','Atlanta — Mercedes-Benz Stadium'),
  (53,'A',3,'CZE','MEX','2026-06-25 01:00:00+00','Cidade do México — Estadio Azteca'),
  (54,'A',3,'RSA','KOR','2026-06-25 01:00:00+00','Monterrey — Estadio BBVA'),
  (55,'E',3,'CUR','CIV','2026-06-25 20:00:00+00','Philadelphia — Lincoln Financial Field'),
  (56,'E',3,'ECU','GER','2026-06-25 20:00:00+00','East Rutherford — MetLife Stadium'),
  (57,'F',3,'JPN','SWE','2026-06-25 23:00:00+00','Arlington — AT&T Stadium'),
  (58,'F',3,'TUN','NED','2026-06-25 23:00:00+00','Kansas City — Arrowhead Stadium'),
  (59,'D',3,'TUR','USA','2026-06-26 02:00:00+00','Inglewood — SoFi Stadium'),
  (60,'D',3,'PAR','AUS','2026-06-26 02:00:00+00','Santa Clara — Levi''s Stadium'),
  (61,'I',3,'NOR','FRA','2026-06-26 19:00:00+00','Foxborough — Gillette Stadium'),
  (62,'I',3,'SEN','IRQ','2026-06-26 19:00:00+00','Toronto — BMO Field'),
  (63,'H',3,'CPV','KSA','2026-06-27 00:00:00+00','Houston — NRG Stadium'),
  (64,'H',3,'URU','ESP','2026-06-27 00:00:00+00','Zapopan — Estadio Akron'),
  (65,'G',3,'EGY','IRN','2026-06-27 03:00:00+00','Seattle — Lumen Field'),
  (66,'G',3,'NZL','BEL','2026-06-27 03:00:00+00','Vancouver — BC Place'),
  (67,'L',3,'PAN','ENG','2026-06-27 21:00:00+00','East Rutherford — MetLife Stadium'),
  (68,'L',3,'CRO','GHA','2026-06-27 21:00:00+00','Philadelphia — Lincoln Financial Field'),
  (69,'K',3,'COL','POR','2026-06-27 23:30:00+00','Miami Gardens — Hard Rock Stadium'),
  (70,'K',3,'COD','UZB','2026-06-27 23:30:00+00','Atlanta — Mercedes-Benz Stadium'),
  (71,'J',3,'ALG','AUT','2026-06-28 02:00:00+00','Kansas City — Arrowhead Stadium'),
  (72,'J',3,'JOR','ARG','2026-06-28 02:00:00+00','Arlington — AT&T Stadium');
